,z_rms,Velocity,Label
0,10.358850921186779,47.273105786998656,7
1,10.219731524879986,3.205547366977587,7
