,z_rms,Velocity,Label
0,9.458364957210199,101.00688790048149,6
1,9.550880732487398,122.48876017283015,6
2,9.999436179523146,57.13550348898805,6
