,z_rms,Velocity,Label
0,10.046382327197371,2.874172260683578,5
1,11.456915548201755,28.380332209366976,5
2,11.766204423448038,28.603247191806368,5
3,10.262863769778578,3.570971155826997,5
4,10.324161348943887,3.570971155826997,5
5,10.988413698026674,3.570971155826997,5
6,11.013445437168063,43.23693395944166,5
7,10.896472027930676,78.30703515125535,5
8,10.285157808662376,112.98941624475421,5
9,9.987100308738388,148.50529321803555,5
