,z_rms,Velocity,Label
0,11.590202387094124,62.885822300327064,7
1,10.396439703026044,104.56953965638122,7
2,9.431989716346902,48.70147026596357,7
